{
    "name": "大矿区-1",
    "author": "夜里无星,雪见璃,小明",
    "start": [
        {"map": 1},
        {"orientation_1.png": 1.5},
        {"orientation_3.png": 1.5},
        {"map_2-5.png": 2},
        {"map_2-5_point_1.png": 1.5},
        {"transfer.jpg": 1.5}
    ],
    "map": [
        {
            "s": 1.3895802021026611
        },
        {
            "a": 5.30564022064209
        },
        {
            "fighting": 2
        },
        {
            "fighting": 1
        },
        {
            "a": 4.4573769569396973
        },
        {
            "w": 1.0890271663665771
        },
        {
            "fighting": 2
        },
        {
            "fighting": 1
        },
        {
            "a": 1.0284719467163086
        },
        {
            "fighting": 2
        },
        {
            "w": 2.0284719467163086
        },
        {
            "d": 6.7565625190734863
        },
        {
            "w": 2.97066330909729
        },
        {
            "fighting": 2
        },
        {
            "w": 1.3721977233886719
        },
        {
            "fighting": 1
        },
        {
            "fighting": 2
        }
    ]
}