{
    "name": "迥星港-1",
    "author": "雪见璃",
    "start": [
        {"map": 1},
        {"map_3-2_point_6.png": 1.5},
        {"transfer.jpg": 1.5}
    ],
    "map": [
       {
      "w": 2.3
    },
    {
      "d": 7.0
    },
    {
      "w": 7.0
    },
    {
      "d": 3.0
    },
    {
      "w": 0.65
    },
    {
      "a": 3.0
    },
    {
      "fighting": 1
    },
    {
      "a": 6.0
    },
    {
      "s": 0.5
    },
    {
      "a": 5.5
    },
    {
      "s": 0.3
    },
    {
      "a": 3.0
    },
    {
      "d": 1.2
    },
    {
      "w": 4.0
    },
    {
      "a": 0.3
    },
    {
      "w": 1.9
    },
    {
      "d": 1.5
    },
    {
      "fighting": 1
    },
    {
      "a": 0.2
    },
    {
      "fighting": 1
    },
    {
      "d": 1.4
    },
    {
      "w": 0.5
    },
    {
      "d": 0.4
    },
    {
      "fighting": 1
    },
    {
      "a": 2.0
    },
    {
      "fighting": 1
    },
    {
      "a": 4.0
    },
    {
      "w": 3.0
    },
    {
      "d": 1.0
    },
    {
      "fighting": 1
    },
    {
      "a": 6.0
    },
    {
      "s": 0.5
    },
    {
      "a": 0.7
    },
    {
      "w": 2.0
    },
    {
      "d": 0.2
    },
    {
      "fighting": 1
    }
  ]
}