{
  "name": "丹鼎司-1",
  "author": "夜里无星，jiuerd",
  "start": [
      {"map": 1},
      {"orientation_1.png": 1.5},
      {"orientation_4.png": 1.5},
      {"map_3-5.png": 2},
      {"map_3-5_point_1.png": 1.5},
      {"transfer.jpg": 1.5}
  ],
  "map": [
    {
      "w": 5.857318999998824
    },
    {
      "d": 3.7692409999981464
    },
    {
      "w": 4.659562700002425
    },
    {
      "d": 2.9158338000015647
    },
    {
      "fighting": 1
    },
    {
      "fighting": 1
    },
    {
      "d": 6
    },
    {
      "w": 2.8
    },
    {
      "d": 4.2
    },
    {
      "s": 0.8
    },
    {
      "fighting": 1
    },
    {
      "d": 1.3
    },
    {
      "fighting": 1
    },
    {
      "s": 5
    },
    {
      "a": 2
    },
    {
      "w": 0.3
    },
    {
      "a": 0.6
    },
    {
      "s": 10
    },
    {
      "w": 0.3
    },
    {
      "a": 1.6
    },
    {
      "fighting": 1
    },
    {
      "a": 2.5
    },
    {
      "fighting": 1
    },
    {
      "w": 1.2
    },
    {
      "fighting": 1
    }
  ]
}