{
    "name": "禁闭舱段-2",
    "author": "Starry-Wind,小明",
    "start": [
        {"map": 1},
        {"orientation_1.png": 1.5},
        {"orientation_2.png": 1.5},
        {"map_1-4.png": 2},
        {"map_1-4_point_2.png": 1.5},
        {"transfer.jpg": 1.5}
    ],
    "map": [
      {
        "s": 6.318514399999913
      },
      {
        "d": 9.217647200000101
      },
      {
        "s": 3.1597977000001265
      },
      {
        "a": 0.7
      },
      {
        "s": 0.1
      },
      {
        "a": 0.2
      },
      {
        "s": 5.722704900000281
      },
      {
        "d": 2.3108456999998452
      },
      {
        "s": 7.692778600000565
      },
      {
        "d": 1.7647471000000223
      },
      {
        "s": 4.2
      },
      {
        "a": 0.3
      },
      {
        "fighting": 1
      }
    ]
  }