{
  "name": "迥星港-4",
  "author": "忘了",
  "start": [
    {
      "map": 1
    },
    {
      "picture\\map_3-2_point_4.png": 1.5
    },
    {
      "picture\\transfer.jpg": 1.5
    }
  ],
  "map": [
    {
      "a": 0.6017800331115723
    },
    {
      "w": 1.6484363079071045
    },
    {
      "d": 2.487971782684326
    },
    {
      "w": 2.1715540885925293
    },
    {
      "fighting": 1
    },
    {
      "w": 3.7407729148864746
    },
    {
      "a": 4.5000000000000000
    },
    {
      "w": 1.000000000000000
    },
    {
      "d": 2.000000000000000
    },
    {
      "s": 4.500000000000000
    },
    {
      "a": 1.800000000000000
    },
    {
      "fighting": 1
    },
    {
      "fighting": 1
    },
    {
      "s": 3.000000000000000
    },
    {
      "a": 1.500000000000000
    },
    {
      "fighting": 1
    }
  ]
}