{ 
  "name": "绥园-1",
  "author": "jiuerd",
  "start": [
    {"map": 1},
    {"orientation_1.png": 1.5},
    {"orientation_4.png": 1.5},
    {"map_3-5.png": 2},
    {"map_3-5_point_1.png": 1.5},
    {"transfer.jpg": 1.5}
  ],
  "map": [
    {
      "s": 4.712700099998983
    },
    {
      "fighting": 1
    },
    {
      "d": 0.6646874999987631
    },
    {
      "d": 0.24116890000004787
    },
    {
      "fighting": 1
    },
    {
      "s": 13.249645699999746
    },
    {
      "w": 0.5608380000012403
    },
    {
      "d": 0.49300310000035097
    },
    {
      "s": 6.828751699998975
    },
    {
      "w": 1.103814500000226
    },
    {
      "d": 4.418755599999713
    },
    {
      "a": 0.43297050000001036
    },
    {
      "s": 2.1337682000012137
    },
    {
      "w": 0.5019569000014599
    },
    {
      "d": 1.7218764999997802
    },
    {
      "s": 2.1337831000000733
    },
    {
      "fighting": 1
    },
    {
      "fighting": 1
    },
    {
      "s": 7.418749899999966
    },
    {
      "w": 1.6088018999998894
    },
    {
      "a": 3.9177834000001894
    },
    {
      "fighting": 1
    },
    {
      "a": 5.268669700000828
    },
    {
      "a": 2.7747758999994403
    },
    {
      "w": 5.058785100000023
    },
    {
      "d": 0.6647441000004619
    },
    {
      "w": 2.6927894999989803
    },
    {
      "d": 1.2848350999993272
    },
    {
      "w": 4.365702699999019
    },
    {
      "fighting": 1
    }
  ]
}