{
  "name": "鳞渊境-1",
  "author": "夜里无星",
  "start": [
    {"map": 1},
    {"orientation_1.png": 1.5},
    {"orientation_4.png": 1.5},
    {"map_3-6.png": 2},
    {"map_3-6_point_1.png": 1.5},
    {"transfer.jpg": 1.5}
  ],
  "map": [
    {
      "mouse_move": -1600
    },
    {
      "w": 14.276426900003571
    },
    {
      "d": 0.4610188999795355
    },
    {
      "w": 1.1160024999990128
    },
    {
      "fighting": 1
    },
    {
      "w": 2.5119583000196144
    },
    {
      "fighting": 1
    },
    {
      "d": 2.9401398000190966
    },
    {
      "fighting": 1
    },
    {
      "d": 8.274065600009635
    },
    {
      "d": 0.7168203999754041
    },
    {
      "s": 3.2560676999855787
    },
    {
      "a": 0.7749463999643922
    },
    {
      "d": 6.079251100018155
    },
    {
      "a": 0.9169786999700591
    },
    {
      "a": 0.660068700031843
    },
    {
      "fighting": 1
    }
  ]
}