{
    "name": "边缘道路-1",
    "author": "Starry-Wind,小明",
    "start": [
        {"map": 1},
        {"orientation_1.png": 1.5},
        {"orientation_3.png": 1.5},
        {"map_2-2.jpg": 2},
        {"map_2-2_point_1.png": 1.5},
        {"transfer.jpg": 1.5}
    ],
    "map": [
        {
            "s": 5.407622814178467
        },
        {
            "fighting": 2
        },
        {
            "a": 6.200099945068359
        },
        {
            "fighting": 1
        }
    ]
}