{
  "name": "丹鼎司-6",
  "author": "夜里无星,jiuerd",
  "start": [
    {"map": 1},
    {"map_3-5_point_4.png": 1.5},
    {"map_3-5_point_4_0.png": 1.5},
    {"transfer.jpg": 1.5}
  ],
  "map": [
    {
      "s": 10
    },
    {
      "a": 5
    },
    {
      "d": 0.8
    },
    {
      "s": 5.5
    },
    {
      "a": 1.5
    },
    {
      "s": 2
    },
    {
      "a": 1.2
    },
    {
      "d": 7
    },
    {
      "s": 1.3
    },
    {
      "fighting": 1
    },
    {
      "s": 1.5
    },
    {
      "fighting": 1
    },
    {
      "d": 1.3
    },
    {
      "d": 1.1
    },
    {
      "w": 6
    },
    {
      "d": 1.6
    },
    {
      "w": 6
    },
    {
      "a": 1.5
    },
    {
      "w": 1.7
    },
    {
      "d": 2.3
    },
    {
      "fighting": 1
    },
    {
      "d": 1.8
    },
    {
      "s": 3.2
    },
    {
      "d": 2
    },
    {
      "w": 1.8
    },
    {
      "d": 1.7
    },
    {
      "fighting": 1
    },
    {
      "s": 0.8
    },
    {
      "d": 1.8
    },
    {
      "fighting": 1
    },
    {
      "s": 2.6
    },
    {
      "d": 0.8
    },
    {
      "fighting": 1
    }
  ]
}