{
  "name": "鳞渊境-3",
  "author": "夜里无星",
  "start": [
    {"map": 1},
    {"map_3-6_point_2.png": 1.5},
    {"transfer.jpg": 1.5}
  ],
  "map": [
    {
      "s": 3.5
    },
    {
      "w": 0.8
    },
    {
      "mouse_move": -1600
    },
    {
      "w": 17.6481498000212
    },
    {
      "d": 0.746084799990058
    },
    {
      "w": 7
    },
    {
      "s": 1
    }, 
    {
      "fighting": 1
    },
    {
      "fighting": 1
    },
    {
      "s": 1.5
    },
    {
      "d": 1.3
    },
    {
      "s": 0.35
    },
    {
      "mouse_move": 1600
    },
    {
      "w": 4.761132999963593
    },
    {
      "mouse_move": 800
    },
    {
      "w": 12
    },
    {
      "a": 2.8
    },
    {
      "w": 4.5
    },
    {
      "fighting": 1
    },
    {
      "a": 2
    },
    {
      "w": 3
    },
    {
      "fighting": 1
    }
  ]
}