{
    "name": "工造司-1",
    "author": "雪见璃",
    "start": [
        {"map": 1},
        {"picture\\orientation_1.png": 1.5},
        {"picture\\orientation_4.png": 1.5},
        {"picture\\map_3-4.png": 2},
        {"picture\\map_3-4_point_1.png": 1.5},
        {"picture\\transfer.jpg": 1.5}
    ],
    "map": [
          {
            "w": 7.6
          },
          {
            "d": 2.5
          },
          {
            "fighting": 1
          },
          {
            "d": 3.50000000000000
          },
          {
            "fighting": 1
          },
          {
            "d": 7.000000000000000
          },
          {
            "a": 0.603914451599121
          },
          {
            "s": 0.6395838260650635
          },
          {
            "d": 1.559584617614746
          },
          {
            "s": 1.8242545127868652
          },
          {
            "a": 1.403914451599121
          },
          {
            "w": 0.375293493270874
          },
          {
            "a": 3.7718591690063477
          },
          {
            "a": 0.6531176567077637
          },
          {
            "s": 2.411792516708374
          },
          {
            "d": 2.843393325805664
          },
          {
            "fighting": 1
          },
          {
            "d": 0.8180859088897705
          },
          {
            "fighting": 1
          }
    ]
}
