{
    "name": "太卜司-3",
    "author": "雪见璃,夜里无星",
    "start": [
        {"map": 1},
        {"map_3-3_point_4.png": 1.5},
        {"transfer.jpg": 1.5}
    ],
  "map": [
    {
      "s": 14.599978113174438
    },
    {
      "d": 1.5064569091796875
    },
    {
      "s": 2.500000000000000
    },
    {
      "fighting": 1
    },
    {
      "a": 2.500000000000000
    },
    {
      "fighting": 1
    },
    {
      "fighting": 1
    },
    {
      "w": 1.5
    },
    {
      "a": 10
    },
    {
      "fighting": 1
    },
    {
      "a": 3
    },
    {
      "fighting": 1
    }
  ]
}