{
  "name": "丹鼎司-4",
  "author": "夜里无星",
  "start": [
    {"map": 1},
    {"map_3-6_point_2.png": 1.5},
    {"transfer.jpg": 1.5}
  ],
  "map": [
    {
      "w": 8
    },
    {
      "d": 0.4
    },
    {
      "w": 6.7
    },
    {
      "a": 2.5
    },
    {
      "w": 12
    },
    {
      "a": 9
    },
    {
      "d": 0.8
    },
    
    {
      "w": 13
    },
    {
      "s": 1.3
    },
    {
      "fighting": 1
    },
    {
      "a": 4
    },
    {
      "s": 1.1
    },
    {
      "fighting": 1
    }
  ]
}