{
  "name": "残响回廊-3",
  "author": "Starry-Wind,五月,雪见璃,小明,CDCP",
  "start": [
    {"map": 1},
    {"map_2-3_point_2.jpg": 1.5},
    {"map_2-3_point_3.jpg": 2},
    {"transfer.jpg": 1.5}
  ],
  "map": [
    {
      "w": 6.0
    },
    {
      "a": 1.6
    },
    {
      "w": 6.0
    },
    {
      "s": 0.5
    },
    {
      "a": 6.5
    },
    {
      "w": 5.5
    },
    {
      "fighting": 2
    },
    {
      "d": 2.5
    },
    {
      "w": 7.0
    },
    {
      "d": 1.3
    },
    {
      "fighting": 2
    },
    {
      "fighting": 1
    },
    {
      "d": 1.5
    },
    {
      "w": 0.1
    },
    {
      "fighting": 1
    },
    {
      "d": 3.0
    },
    {
      "w": 1.0
    },
    {
      "fighting": 1
    },
    {
      "w": 3.5
    },
    {
      "d": 5.0
    },
    {
      "d": 7.0
    },
    {
      "a": 0.3
    },
    {
      "s": 7.0
    },
    {
      "fighting": 1
    }
  ]
}