{
  "name": "绥园-1",
  "author": "jiuerd",
  "start": [
    {"map": 1},
    {"orientation_1.png": 1.5},
    {"orientation_4.png": 1.5},
    {"map_3-5_point_1.png": 1.5},
    {"transfer.jpg": 1.5}
  ],
  "map": [
    {
      "w": 2.5
    },
    {
      "d": 1.2
    },
    {
      "w": 5.2
    },
    {
      "a": 1.1
    },
    {
      "w": 3.5
    },
    {
      "d": 0.6
    },
    {
      "fighting": 1
    },
    {
      "d": 3
    },
    {
      "s": 0.6
    },
    {
      "d": 1.1
    },
    {
      "s": 0.6
    },
    {
      "fighting": 1
    },
    {
      "w": 1.2
    },
    {
      "fighting": 1
    },
    {
      "d": 2.3
    },
    {
      "fighting": 1
    }
  ]
}