{
  "name": "丹鼎司-7",
  "author": "夜里无星",
  "start": [
    {"map": 1},
    {"map_3-6_point_5.png": 1.5},
    {"transfer.jpg": 1.5}
  ],
  "map": [
    {
      "w": 6.673749500012491
    },
    {
      "a": 4.1109401999856345
    },
    {
      "d": 0.48952810000628233
    },
    {
      "w": 8.529361099994276
    },
    {
      "d": 3.711087299976498
    },
    {
      "w": 1.2281529999920167
    },
    {
      "a": 0.1
    },
    {
      "fighting": 1
    },
    {
      "d": 7.420977899979334
    },
    {
      "fighting": 1
    }
  ]
}