{
  "name": "丹鼎司-5",
  "author": "夜里无星, jiuerd",
  "start": [
    {"map": 1},
    {"map_3-5_point_3.png": 1.5},
    {"transfer.jpg": 1.5}
  ],
  "map": [
    {
      "w": 3.4388543999994
    },
    {
      "d": 2.434274800001731
    },
    {
      "w": 5.695410600001196
    },
    {
      "a": 1.354931599998963
    },
    {
      "w": 4.828110500002367
    },
    {
      "s": 2.3618266000012227
    },
    {
      "a": 1.4662423000008857
    },
    {
      "w": 1.6329359999981534
    },
    {
      "a": 2.959789999997156
    },
    {
      "s": 1.625186199999007
    },
    {
      "a": 2.624813099999301
    },
    {
      "a": 1.4455824999968172
    },
    {
      "d": 1.4213847999999416
    },
    {
      "s": 1.8441543000008096
    },
    {
      "a": 9.353294200001983
    },
    {
      "d": 1.317039500001556
    },
    {
      "s": 2.445168399997783
    },
    {
      "a": 8.78599149999718
    },
    {
      "s": 1.5410794999988866
    },
    {
      "fighting": 1
    },
    {
      "d": 1.267945100000361
    },
    {
      "fighting": 1
    }
  ]
}