{
    "name": "禁闭舱段-1",
    "author": "Starry-Wind,小明",
    "start": [
        {"map": 1},
        {"orientation_1.png": 1.5},
        {"orientation_2.png": 1.5},
        {"map_1-4.png": 2},
        {"map_1-4_point_1.png": 1.5},
        {"transfer.jpg": 1.5}
    ],
    "map": [
      {
        "d": 4.062766400000328
      },
      {
        "w": 0.7486532000002626
      },
      {
        "d": 6.818876100000125
      },
      {
        "s": 0.5578425000003335
      },
      {
        "d": 3.0227833000008104
      },
      {
        "s": 0.9725742000000537
      },
      {
        "d": 3.513784499999929
      },
      {
        "s": 1.2147644999995464
      },
      {
        "d": 2.351955799999814
      },
      {
        "s": 1.5177845999996862
      },
      {
        "d": 0.7507564000006823
      },
      {
        "s": 0.4083581000004415
      },
      {
        "fighting": 1
      },
      {
        "s": 2.8997445999993943
      },
      {
        "d": 0.5443515999995725
      },
      {
        "s": 2.2810691000004226
      },
      {
        "d": 0.7789340999997876
      },
      {
        "s": 1.8
      },
      {
        "fighting": 1
      },
      {
        "s": 0.5
      },
      {
        "fighting": 1
      }
    ]
  }