{
    "name": "残响回廊-5",
    "author": "雪见璃,Starry-Wind,小明",
    "start": [
        {"map": 1},
        {"map_2-3_point_5.jpg": 1.5},
        {"transfer.jpg": 1.5}
    ],
  "map": [
    {
      "s": 5.111917972564697
    },
    {
      "a": 3.300000000000000
    },
    {
      "fighting": 1
    },
    {
      "fighting": 1
    },
    {
      "a": 1.700000000000000
    },
    {
      "fighting": 2
    },
    {
      "fighting": 1
    },
    {
      "s": 2.0653995513916016
    },
    {
      "d": 2.0880943298339844
    },
    {
      "w": 0.5704554557800293
    },
    {
      "d": 1.0700931549072266
    },
    {
      "s": 1.2436187744140625
    },
    {
      "d": 1.593719244003296
    },
    {
      "s": 4.687081575393677
    },
    {
      "fighting": 1
    },
    {
      "s": 2.500000000000000
    },
    {
      "d": 0.15000000000000
    },
    {
      "s": 2.500000000000000
    },
    {
      "a": 1.8482551574707031
    },
    {
      "s": 2.9441566467285156
    },
    {
      "d": 4.343940258026123
    },
    {
      "w": 0.46409540176391602
    },
    {
      "d": 6.508850574493408
    },
    {
      "w": 2.9965310096740723
    },
    {
      "fighting": 1
    }
  ]
}