{
    "name": "工造司-4",
    "author": "雪见璃",
    "start": [
        {"map": 1},
        {"picture\\map_3-4_point_3.png": 1.5},
        {"picture\\transfer.jpg": 1.5}
    ],
    "map": [
      {
        "w": 6.0950140953063965
      },
      {
        "d": 2.0148799419403076
      },
      {
        "fighting": 2
      },
      {
        "w": 2.0506229400634766
      },
      {
        "s": 1.2072425365447998
      },
      {
        "d": 5.008956718444824
      },
      {
        "fighting": 1
      },
      {
        "d": 1.300000000000000
      },
      {
        "fighting": 1
      }
   ]
}
