{
  "name": "鳞渊境-1",
  "author": "夜里无星,jiuerd",
  "start": [
    {"map": 1},
    {"orientation_1.png": 1.5},
    {"orientation_4.png": 1.5},
    {"map_3-7.png": 2},
    {"map_3-7_point_1.png": 1.5},
    {"transfer.jpg": 1.5}
  ],
  "map": [
    {
      "s": 0.5
    },
    {
      "a": 6.6
    },
    {
      "s": 1.5
    },
    {
      "fighting": 2
    },
    {
      "a": 4.8
    },
    {
      "w": 0.8
    },
    {
      "a": 1.7
    },
    {
      "fighting": 1
    },
    {
      "a": 2.7
    },
    {
      "fighting": 1
    },
    {
      "a": 1.1
    },
    {
      "w": 1.2
    },
    {
      "fighting": 1
    },
    {
      "w": 3.694567300000017
    },
    {
      "d": 0.16789330000005975
    },
    {
      "w": 2.0191442999999936
    },
    {
      "s": 0.7481664999999111
    },
    {
      "d": 0.8560014999999339
    },
    {
      "w": 8.5
    },
    {
      "fighting": 1
    }
  ]
}  