{
  "name": "鳞渊境-3",
  "author": "夜里无星，jiuerd",
  "start": [
    {"map": 1},
    {"map_3-6_point_2.png": 1.5},
    {"transfer.jpg": 1.5}
  ],
  "map": [
    {
      "s": 3.2
    },
    {
      "a": 22
    },
    {
      "fighting": 1
    },
    {
      "d": 2
    },
    {
      "w": 6
    },
    {
      "d": 3
    },
    {
      "w": 2
    },
    {
      "d": 2
    },
    {
      "w": 15
    },
    {
      "a": 1
    },
    {
      "s": 0.8
    },
    {
      "d": 3.5
    },
    {
      "w": 0.8
    },
    {
      "fighting": 1
    },
    {
      "w": 3.5
    },
    {
      "d": 1.5
    },
    {
      "fighting": 1
    }
  ]
}