{
  "name": "迥星港-3",
  "author": "夜里无星,StarryWind",
  "start": [
    {
      "map": 1
    },
    {
      "map_3-2_point_4.png": 1.5
    },
    {
      "transfer.jpg": 1.5
    }
  ],
  "map": [
    {
      "s": 0.7778127193450928
    },
    {
      "d": 11.655481100082397
    },
    {
      "s": 1.4954724311828613
    },
    {
      "fighting": 1
    },
    {
      "s": 1.672365427017212
    },
    {
      "fighting": 1
    },
    {
      "s": 0.9234175682067871
    },
    {
      "fighting": 1
    }
  ]
}