{
    "name": "太卜司-6",
    "author": "雪见璃,夜里无星",
    "start": [
        {"map": 1},
        {"map_3-3_point_5.png": 1.5},
        {"transfer.jpg": 1.5}
    ],
  "map": [
    {
      "w": 3.7039856910705566
    },
    {
      "s": 0.4362766742706299
    },
    {
      "d": 0.6219801902770996
    },
    {
      "w": 6.520323038101196
    },
    {
      "s": 0.4179384708404541
    },
    {
      "a": 0.6538398742675781
    },
    {
      "w": 10.248632192611694
    },
    {
      "d": 2.6522772312164307
    },
    {
      "d": 1.8499157428741455
    },
    {
      "w": 5.286426544189453
    },
    {
      "s": 0.9082653522491455
    },
    {
      "a": 0.6720683574676514
    },
    {
      "w": 7.075618314743042
    },
    {
      "s": 0.8376856327056885
    },
    {
      "d": 0.20553144454956055
    },
    {
      "f": 0.8461470127105713
    },
    {
      "f": 0.8461470127105713
    },
    {
      "d": 3.3775060176849365
    },
    {
      "s": 0.6739859580993652
    },
    {
      "d": 0.8236024379730225
    },
    {
      "fighting": 1
    }
  ]
}