{
  "name": "丹鼎司-6",
  "author": "夜里无星",
  "start": [
    {"map": 1},
    {"map_3-5_point_4.png": 1.5},
    {"transfer.jpg": 1.5}
  ],
  "map": [
    {
      "mouse_move": -2600
    },
    {
      "w": 14.799139500013553
    },
    {
      "mouse_move": -1600
    },
    {
      "w": 5.53608059999533
    },
    {
      "fighting": 1
    },
    {
      "w": 1.8580158000113443
    },
    {
      "fighting": 1
    },
    {
      "w": 5
    },
    {
      "s": 1
    },
    {
      "a": 13
    },
    {
      "d": 0.5
    },
    {
      "w": 2.5
    },
    {
      "a": 1
    },
    {
      "w": 1.5
    },
    {
      "fighting": 1
    },
    {
      "w": 3
    },
    {
      "a": 0.5
    },
    {
      "s": 0.5
    },
    {
      "fighting": 1
    },
    {
      "d": 3
    },
    {
      "fighting": 1
    }
  ]
}