{
  "name": "丹鼎司-3",
  "author": "夜里无星",
  "start": [
      {"map": 1},
      {"map_3-5_point_2.png": 1.5},
      {"transfer.jpg": 1.5}
  ],
  "map": [
    {
      "w": [8.668448448181152, [291, 195]]
    },
    {
      "d": 0.3472902774810791
    },
    {
      "w": 6.81927227973938
    },
    {
      "a": 2.484924077987671
    },
    {
      "s": 5.365307092666626
    },
    {
      "a": 1.5162639617919922
    },
    {
      "w": 1.498907518386841
    },
    {
      "fighting": 1
    },
    {
      "fighting": 1
    }
  ]
}