{
    "name": "工造司-6",
    "author": "雪见璃",
    "start": [
        {"map": 1},
        {"picture\\map_3-4_point_2.png": 1.5},
        {"picture\\transfer.jpg": 1.5}
    ],
    "map": [
      {
        "a": 2.541996955871582
      },
      {
        "s": 1.8809516429901123
      },
      {
        "d": 0.9281725883483887
      },
      {
        "a": 0.5755500793457031
      },
      {
        "w": 0.5526211261749268
      },
      {
        "d": 1.151559829711914
      },
      {
        "s": 0.9853010177612305
      },
      {
        "w": 0.29865455627441406
      },
      {
        "d": 2.102003335952759
      },
      {
        "d": 0.5416860580444336
      },
      {
        "a": 0.21086502075195312
      },
      {
        "w": 4.5
      },
      {
        "d": 5.0
      },
      {
        "a": 0.4097931385040283
      },
      {
        "s": 4.9
      },
      {
        "a": 1.0
      },
      {
        "d": 1.0
      },
      {
        "fighting": 2
      },
      {
        "fighting": 1
      },
      {
        "d": 1.3000000000000000
      },
      {
        "fighting": 2
      },
      {
        "fighting": 1
      },
      {
        "d": 1.97
      },
      {
        "s": 2.0
      },
      {
        "d": 2.0
      },
      {
        "w": 0.5
      },
      {
        "d": 1.2
      },
      {
        "w": 3.5
      },
      {
        "fighting": 2
      },
      {
        "a": 1.4826503276824951
      },
      {
        "fighting": 1
      },
      {
        "fighting": 1
      },
      {
        "w": 1.7000000000000000
      },
      {
        "d": 2.5000000000000000
      },  
      {
        "w": 4.0
      },
      {
        "a": 2.5
      },
      {
        "s": 2.5
      },
      {
        "w": 2.10
      },
      {
        "a": 1.9685218334197998
      },
      {
        "fighting": 1
      },
      {
        "a": 0.8525874614715576
      },
      {
        "fighting": 1
      },
      {
        "w": 2.5334627628326416
      },
      {
        "fighting": 1
      }
    ]
}
