{
    "name": "收容舱段-3",
    "author": "Starry-Wind,小明",
    "start": [
        {"map": 1},
        {"map_1-2_point_1.jpg": 1.5},
        {"transfer.jpg": 1.5}
    ],
  "map": [
    {
      "s": 2.9917402267456055
    },
    {
      "fighting": 1
    },
    {
      "w": 6.1732683181762695
    },
    {
      "a": 0.4903087615966797
    },
    {
      "w": 0.7254512310028076
    },
    {
      "a": 1.3163093566894531
    },
    {
      "w": 0.7761659622192383
    },
    {
      "a": 1.0302305221557617
    },
    {
      "fighting": 1
    },
    {
      "w": 8.979919910430908
    },
    {
      "a": 6.260768461227417
    },
    {
      "s": 1.581993818283081
    },
    {
      "a": 2.001474142074585
    },
    {
      "w": 0.8379755020141602
    },
    {
      "fighting": 1
    },
    {
      "fighting": 1
    }
  ]
}