{
  "name": "鳞渊境-4",
  "author": "夜里无星",
  "start": [
    {"map": 1},
    {"map_3-6_point_2.png": 1.5},
    {"transfer.jpg": 1.5}
  ],
  "map": [
    {
      "s": 2.7687463000183925
    },
    {
      "mouse_move": 1600
    },
    {
      "w": 24.836546399979852
    },
    {
      "a": 0.7
    },
    {
      "fighting": 1
    },
    {
      "s": 2.2
    },
    {
      "a": 5
    },
    {
      "a": 5
    },
    {
      "s": 0.3
    },
    {
      "a": 5
    },
    {
      "fighting": 1
    },
    {
      "s": 1.1440712999901734
    },
    {
      "d": 1.0588986999937333
    },
    {
      "fighting": 1
    }
  ]
}