{
  "name": "鳞渊境-1",
  "author": "夜里无星",
  "start": [
    {"map": 1},
    {"orientation_1.png": 1.5},
    {"orientation_4.png": 1.5},
    {"map_3-6.png": 2},
    {"map_3-6_point_1.png": 1.5},
    {"transfer.jpg": 1.5}
  ],
  "map": [
    {
      "mouse_move": -1600
    },
    {
      "w": 12
    },
    {
      "d": 0.5
    },  
    {
      "fighting": 1
    },
    {
      "w": 4
    },
    {
      "fighting": 1
    },
    {
      "w": 1
    },
    {
      "d": 2
    },
    {
      "fighting": 1
    },
    {
      "s": 1.8
    },
    {
      "d": 12
    },
    {
      "fighting": 1
    }
  ]
}